"Date","Less than HS","High school","Some college","Bachelor's degree","Advanced degree","Less than HS Share","High school Share","Some college Share","Bachelor's degree Share","Advanced degree Share","Men Less than HS","Men High school","Men Some college","Men Bachelor's degree","Men Advanced degree","Men Less than HS Share","Men High school Share","Men Some college Share","Men Bachelor's degree Share","Men Advanced degree Share","Women Less than HS","Women High school","Women Some college","Women Bachelor's degree","Women Advanced degree","Women Less than HS Share","Women High school Share","Women Some college Share","Women Bachelor's degree Share","Women Advanced degree Share","White Less than HS","White High school","White Some college","White Bachelor's degree","White Advanced degree","White Less than HS Share","White High school Share","White Some college Share","White Bachelor's degree Share","White Advanced degree Share","Black Less than HS","Black High school","Black Some college","Black Bachelor's degree","Black Advanced degree","Black Less than HS Share","Black High school Share","Black Some college Share","Black Bachelor's degree Share","Black Advanced degree Share","Hispanic Less than HS","Hispanic High school","Hispanic Some college","Hispanic Bachelor's degree","Hispanic Advanced degree","Hispanic Less than HS Share","Hispanic High school Share","Hispanic Some college Share","Hispanic Bachelor's degree Share","Hispanic Advanced degree Share","White Men Less than HS","White Men High school","White Men Some college","White Men Bachelor's degree","White Men Advanced degree","White Men Less than HS Share","White Men High school Share","White Men Some college Share","White Men Bachelor's degree Share","White Men Advanced degree Share","Black Men Less than HS","Black Men High school","Black Men Some college","Black Men Bachelor's degree","Black Men Advanced degree","Black Men Less than HS Share","Black Men High school Share","Black Men Some college Share","Black Men Bachelor's degree Share","Black Men Advanced degree Share","Hispanic Men Less than HS","Hispanic Men High school","Hispanic Men Some college","Hispanic Men Bachelor's degree","Hispanic Men Advanced degree","Hispanic Men Less than HS Share","Hispanic Men High school Share","Hispanic Men Some college Share","Hispanic Men Bachelor's degree Share","Hispanic Men Advanced degree Share","White Women Less than HS","White Women High school","White Women Some college","White Women Bachelor's degree","White Women Advanced degree","White Women Less than HS Share","White Women High school Share","White Women Some college Share","White Women Bachelor's degree Share","White Women Advanced degree Share","Black Women Less than HS","Black Women High school","Black Women Some college","Black Women Bachelor's degree","Black Women Advanced degree","Black Women Less than HS Share","Black Women High school Share","Black Women Some college Share","Black Women Bachelor's degree Share","Black Women Advanced degree Share","Hispanic Women Less than HS","Hispanic Women High school","Hispanic Women Some college","Hispanic Women Bachelor's degree","Hispanic Women Advanced degree","Hispanic Women Less than HS Share","Hispanic Women High school Share","Hispanic Women Some college Share","Hispanic Women Bachelor's degree Share","Hispanic Women Advanced degree Share"
"2023","$17.47","$22.94","$26.08","$43.25","$55.31","7.5%","25.8%","25.7%","25.8%","15.2%","$19.01","$25.16","$29.39","$50.06","$63.92","8.6%","29.0%","24.5%","24.3%","13.6%","$15.13","$19.84","$22.83","$36.71","$47.90","6.2%","22.4%","27.1%","27.3%","17.0%","$17.17","$24.23","$27.56","$45.09","$55.42","4.4%","23.5%","26.2%","28.9%","16.9%","$15.43","$20.81","$23.06","$35.15","$45.79","5.7%","31.0%","30.1%","20.9%","12.2%","$18.01","$21.66","$24.00","$36.03","$48.92","19.3%","33.6%","24.3%","16.0%","6.7%","$18.90","$26.67","$31.20","$52.52","$64.34","4.9%","26.9%","25.6%","27.7%","14.9%","$16.23","$22.62","$25.29","$38.99","$52.27","6.2%","35.2%","29.3%","19.5%","9.8%","$19.42","$23.51","$26.82","$40.47","$54.79","22.8%","36.5%","21.4%","13.8%","5.5%","$14.78","$20.65","$23.80","$37.66","$47.79","3.9%","19.9%","27.0%","30.2%","19.0%","$14.59","$18.73","$21.19","$32.15","$41.89","5.3%","27.3%","30.8%","22.2%","14.4%","$15.39","$18.94","$21.36","$32.05","$44.11","15.0%","30.1%","27.9%","18.7%","8.2%"
"2022","$17.20","$22.84","$25.82","$43.31","$55.41","7.6%","26.0%","25.9%","25.6%","15.0%","$18.73","$25.07","$29.11","$51.02","$66.11","8.7%","29.2%","24.4%","24.3%","13.4%","$14.92","$19.71","$22.65","$35.80","$46.16","6.3%","22.5%","27.4%","27.0%","16.8%","$16.34","$24.27","$27.36","$45.08","$55.49","4.5%","23.5%","26.5%","29.1%","16.4%","$15.81","$20.18","$22.21","$34.76","$46.50","6.0%","31.4%","30.6%","19.7%","12.4%","$18.03","$21.57","$23.90","$37.47","$50.28","19.8%","33.6%","24.2%","15.7%","6.7%","$17.84","$26.98","$31.16","$53.33","$66.48","4.9%","26.7%","25.9%","28.1%","14.4%","$17.05","$21.58","$23.51","$39.18","$55.07","6.7%","35.8%","28.6%","18.7%","10.2%","$19.44","$23.24","$26.54","$43.18","$59.42","23.3%","37.0%","20.8%","13.3%","5.6%","$14.40","$20.36","$23.45","$36.76","$46.27","4.1%","20.1%","27.1%","30.2%","18.6%","$14.46","$18.57","$21.19","$31.17","$41.03","5.4%","27.5%","32.4%","20.5%","14.3%","$15.35","$18.93","$21.49","$32.41","$42.31","15.3%","29.3%","28.5%","18.7%","8.1%"
"2021","$17.44","$23.21","$25.97","$43.06","$55.69","7.5%","25.4%","26.6%","25.5%","14.9%","$19.11","$25.38","$29.14","$49.83","$66.18","8.7%","28.7%","25.3%","24.1%","13.3%","$14.97","$20.17","$22.89","$36.56","$46.68","6.3%","22.0%","28.0%","27.1%","16.7%","$16.88","$24.59","$27.39","$44.87","$55.87","4.4%","23.4%","27.2%","28.7%","16.4%","$15.16","$20.48","$22.15","$33.99","$45.19","5.8%","30.4%","31.1%","20.6%","12.1%","$18.34","$21.91","$24.32","$36.74","$50.63","20.4%","32.2%","25.4%","15.4%","6.5%","$18.89","$27.13","$31.03","$52.16","$66.73","4.7%","26.8%","26.5%","27.6%","14.5%","$16.02","$21.74","$23.58","$38.50","$51.07","6.2%","35.0%","29.7%","19.3%","9.7%","$19.78","$23.65","$26.66","$41.27","$57.93","23.8%","35.3%","22.4%","13.2%","5.4%","$14.35","$20.93","$23.68","$37.63","$46.70","4.0%","19.9%","27.9%","29.8%","18.4%","$14.31","$19.06","$21.02","$30.58","$41.75","5.4%","26.5%","32.3%","21.7%","14.1%","$15.59","$19.11","$22.02","$32.56","$44.26","16.1%","28.3%","29.3%","18.4%","7.9%"
"2020","$17.76","$23.69","$26.55","$43.46","$56.08","7.2%","25.2%","27.1%","25.5%","15.0%","$19.58","$26.18","$29.79","$50.24","$65.43","8.4%","28.3%","26.0%","24.1%","13.4%","$15.03","$20.20","$23.33","$36.95","$48.04","6.0%","21.8%","28.2%","27.1%","16.8%","$17.75","$25.05","$28.07","$45.03","$56.14","4.2%","23.5%","27.4%","28.5%","16.5%","$15.18","$20.51","$22.74","$35.10","$47.75","6.2%","29.6%","31.5%","20.8%","11.9%","$18.37","$22.40","$24.26","$37.70","$50.69","19.5%","31.6%","26.7%","15.4%","6.8%","$19.80","$27.89","$31.73","$52.34","$66.27","4.7%","26.8%","26.6%","27.3%","14.5%","$16.19","$22.14","$24.60","$38.30","$53.92","6.5%","33.9%","31.1%","19.2%","9.3%","$20.10","$24.34","$26.81","$42.79","$55.91","22.4%","34.5%","24.1%","13.2%","5.7%","$14.82","$20.93","$24.32","$37.77","$47.57","3.6%","20.0%","28.2%","29.7%","18.6%","$14.25","$18.71","$21.20","$32.74","$44.29","6.0%","25.9%","31.7%","22.2%","14.1%","$15.22","$19.30","$21.59","$32.92","$46.07","15.8%","27.9%","29.9%","18.2%","8.3%"
"2019","$16.83","$22.60","$25.06","$41.37","$53.86","8.0%","26.1%","27.7%","24.3%","13.8%","$18.33","$25.05","$28.19","$47.77","$62.59","9.3%","28.9%","26.4%","22.9%","12.5%","$14.58","$19.30","$22.03","$35.30","$46.18","6.7%","23.1%","29.2%","25.9%","15.3%","$16.60","$23.96","$26.60","$42.89","$54.11","4.5%","24.4%","28.2%","27.3%","15.6%","$14.82","$19.57","$21.34","$33.24","$44.62","6.3%","30.7%","32.7%","19.9%","10.3%","$17.45","$21.37","$22.98","$36.20","$48.77","22.0%","32.4%","26.3%","13.7%","5.7%","$18.44","$26.71","$30.19","$49.88","$63.54","5.1%","27.5%","27.3%","26.1%","14.1%","$15.74","$21.12","$22.99","$35.23","$48.95","6.9%","34.1%","31.7%","19.2%","8.0%","$18.73","$23.32","$25.43","$41.31","$54.55","25.4%","34.7%","23.5%","11.8%","4.6%","$14.03","$20.07","$22.97","$36.00","$45.78","3.9%","21.1%","29.1%","28.6%","17.2%","$13.89","$17.94","$20.02","$31.65","$42.22","5.8%","27.8%","33.6%","20.5%","12.3%","$15.14","$18.50","$20.56","$31.52","$44.18","17.7%","29.4%","29.6%","16.1%","7.2%"
"2018","$16.65","$22.46","$24.75","$40.59","$53.30","8.2%","25.9%","28.3%","24.1%","13.5%","$18.49","$24.77","$27.79","$46.97","$62.38","9.4%","28.8%","26.7%","22.7%","12.3%","$13.95","$19.31","$21.83","$34.50","$45.11","6.9%","22.8%","30.0%","25.6%","14.7%","$16.76","$24.04","$26.27","$42.29","$54.10","4.7%","24.2%","28.7%","27.3%","15.2%","$13.90","$18.95","$20.87","$33.42","$44.10","6.6%","30.4%","33.9%","18.9%","10.2%","$17.17","$21.03","$22.71","$34.67","$46.82","22.7%","32.1%","26.3%","13.5%","5.4%","$18.76","$26.62","$29.68","$49.38","$64.00","5.2%","27.3%","27.6%","26.1%","13.8%","$14.90","$20.22","$22.79","$34.90","$48.49","6.6%","34.5%","32.1%","18.3%","8.4%","$18.85","$23.02","$25.28","$38.92","$53.55","26.3%","34.3%","23.4%","11.5%","4.4%","$14.05","$20.39","$22.87","$35.28","$45.24","4.1%","20.9%","29.8%","28.5%","16.6%","$13.03","$17.56","$19.40","$32.22","$41.40","6.5%","26.8%","35.5%","19.4%","11.7%","$14.07","$18.05","$20.14","$30.78","$41.10","18.2%","29.2%","29.9%","16.1%","6.6%"
"2017","$16.63","$22.21","$24.35","$40.37","$51.59","8.4%","26.1%","28.7%","23.6%","13.2%","$18.41","$24.51","$27.06","$46.48","$59.29","9.7%","28.9%","27.1%","22.3%","12.1%","$13.98","$19.12","$21.76","$34.48","$44.65","7.0%","23.2%","30.4%","24.9%","14.4%","$16.66","$23.72","$25.75","$41.85","$52.25","4.7%","24.6%","29.1%","26.8%","14.8%","$14.55","$18.74","$20.68","$32.89","$42.49","7.2%","31.0%","34.1%","17.9%","9.8%","$17.06","$20.71","$22.55","$34.54","$45.87","23.8%","31.3%","26.2%","13.3%","5.4%","$18.62","$26.26","$28.83","$48.50","$60.20","5.2%","27.6%","28.0%","25.8%","13.4%","$15.67","$20.32","$22.03","$35.94","$46.60","7.3%","34.6%","32.8%","17.1%","8.1%","$18.71","$22.65","$24.64","$38.25","$52.83","27.6%","33.5%","23.2%","11.5%","4.3%","$14.06","$20.20","$22.69","$35.27","$45.15","4.2%","21.3%","30.4%","28.0%","16.2%","$13.57","$17.06","$19.60","$30.49","$39.96","7.1%","27.9%","35.2%","18.6%","11.3%","$13.96","$17.77","$20.47","$31.01","$40.14","18.8%","28.6%","30.2%","15.6%","6.8%"
"2016","$16.13","$21.92","$24.38","$40.45","$51.84","8.6%","26.3%","29.2%","23.0%","13.0%","$17.70","$24.03","$27.13","$46.97","$60.26","10.1%","28.8%","27.2%","21.8%","12.0%","$13.69","$19.14","$21.81","$34.11","$44.04","7.0%","23.5%","31.3%","24.2%","14.0%","$16.06","$23.36","$25.70","$41.72","$52.06","4.8%","24.8%","29.7%","26.0%","14.6%","$14.08","$18.74","$21.18","$33.52","$43.08","7.4%","31.2%","34.4%","17.8%","9.2%","$16.73","$20.33","$22.28","$35.79","$45.87","24.3%","31.3%","26.6%","12.3%","5.5%","$17.71","$25.82","$28.70","$48.85","$60.70","5.6%","27.5%","28.3%","25.0%","13.6%","$15.29","$19.92","$23.13","$36.92","$47.55","7.7%","35.5%","32.0%","17.0%","7.8%","$18.14","$21.98","$24.47","$40.66","$53.05","28.2%","32.9%","23.2%","11.0%","4.6%","$13.55","$20.06","$22.80","$34.70","$44.11","3.9%","21.9%","31.2%","27.1%","15.8%","$12.97","$17.44","$19.71","$30.87","$40.25","7.2%","27.5%","36.4%","18.5%","10.5%","$13.99","$17.87","$20.11","$30.71","$39.44","19.2%","29.1%","31.0%","13.9%","6.8%"
"2015","$15.92","$21.73","$24.20","$39.64","$50.56","8.8%","26.5%","29.2%","22.9%","12.6%","$17.37","$23.94","$27.14","$45.39","$58.81","10.3%","28.8%","27.3%","22.0%","11.7%","$13.67","$18.85","$21.45","$33.98","$42.98","7.1%","23.9%","31.3%","24.0%","13.6%","$16.02","$23.10","$25.60","$40.93","$51.16","4.9%","25.1%","29.9%","25.8%","14.3%","$14.25","$18.40","$20.46","$33.48","$42.95","7.1%","31.5%","34.5%","17.9%","9.0%","$16.14","$20.17","$21.93","$34.62","$43.88","25.7%","31.1%","26.1%","12.0%","5.0%","$17.92","$25.65","$28.87","$47.40","$59.91","5.6%","27.6%","28.5%","25.2%","13.1%","$15.19","$19.77","$22.02","$35.71","$49.65","7.6%","36.0%","31.9%","17.1%","7.3%","$17.25","$21.85","$24.35","$38.25","$50.64","29.8%","32.4%","23.1%","10.6%","4.1%","$13.25","$19.73","$22.44","$34.34","$43.25","4.1%","22.4%","31.5%","26.5%","15.5%","$13.35","$16.93","$19.32","$31.77","$39.02","6.7%","27.8%","36.5%","18.5%","10.4%","$14.01","$17.74","$19.49","$31.03","$37.98","20.5%","29.3%","30.1%","14.0%","6.2%"
"2014","$15.31","$21.24","$23.47","$38.08","$49.36","8.7%","27.1%","29.6%","22.5%","12.1%","$16.66","$23.39","$26.06","$42.96","$57.05","10.3%","29.3%","27.8%","21.3%","11.3%","$13.16","$18.50","$21.03","$33.40","$42.13","7.0%","24.7%","31.6%","23.8%","12.9%","$15.58","$22.61","$24.75","$39.27","$49.56","4.9%","26.0%","30.3%","25.3%","13.6%","$14.03","$18.39","$20.26","$32.19","$41.84","7.4%","31.5%","35.3%","16.8%","9.0%","$15.42","$19.25","$21.10","$33.20","$46.31","25.7%","31.4%","26.2%","12.2%","4.6%","$17.39","$25.15","$27.67","$44.69","$57.47","5.5%","28.4%","28.9%","24.5%","12.7%","$14.91","$19.92","$21.69","$33.07","$45.70","8.6%","35.2%","33.1%","15.8%","7.3%","$16.55","$20.57","$23.15","$36.73","$54.88","30.0%","32.7%","23.1%","10.4%","3.8%","$13.09","$19.33","$21.92","$33.90","$42.20","4.2%","23.4%","31.7%","26.2%","14.5%","$13.03","$16.80","$19.20","$31.53","$39.56","6.4%","28.5%","37.1%","17.7%","10.3%","$13.17","$17.28","$19.02","$29.79","$38.80","20.0%","29.5%","30.3%","14.4%","5.7%"
"2013","$15.26","$21.21","$23.49","$38.63","$50.67","8.8%","26.9%","30.0%","22.4%","11.8%","$16.56","$23.26","$26.17","$44.20","$58.82","10.5%","29.0%","27.9%","21.4%","11.2%","$13.18","$18.63","$21.00","$33.19","$42.83","7.0%","24.8%","32.3%","23.5%","12.5%","$15.41","$22.48","$24.73","$39.85","$51.30","4.9%","25.9%","30.7%","25.3%","13.2%","$13.99","$18.43","$20.23","$32.48","$43.43","7.3%","31.3%","35.4%","17.3%","8.6%","$15.48","$19.20","$21.10","$33.56","$45.97","26.8%","31.4%","25.9%","11.4%","4.5%","$17.09","$24.89","$27.83","$45.88","$59.92","5.6%","28.1%","29.1%","24.7%","12.6%","$15.03","$19.52","$21.69","$34.63","$48.79","8.0%","34.7%","33.7%","16.3%","7.2%","$16.50","$20.73","$22.72","$37.89","$53.63","31.5%","32.6%","22.3%","9.7%","3.9%","$13.01","$19.43","$21.78","$33.75","$43.05","4.2%","23.5%","32.5%","25.9%","13.9%","$12.95","$17.33","$19.12","$30.87","$40.09","6.7%","28.5%","36.8%","18.2%","9.7%","$13.36","$16.94","$19.52","$29.44","$38.54","20.4%","29.7%","30.8%","13.8%","5.4%"
"2012","$15.46","$21.41","$23.56","$38.39","$50.62","9.1%","27.3%","30.0%","22.0%","11.5%","$16.87","$23.65","$26.16","$44.13","$58.75","10.7%","29.4%","27.9%","21.0%","11.1%","$13.29","$18.61","$21.16","$32.84","$42.64","7.4%","25.1%","32.3%","23.2%","12.0%","$15.96","$22.73","$24.67","$39.53","$51.62","5.1%","26.3%","30.9%","24.9%","12.9%","$13.70","$18.71","$20.64","$32.45","$42.71","7.4%","32.1%","35.4%","16.9%","8.2%","$15.45","$19.18","$21.46","$32.66","$45.39","28.0%","31.1%","25.5%","10.9%","4.4%","$17.71","$25.33","$27.60","$45.65","$60.36","5.7%","28.6%","29.1%","24.1%","12.4%","$14.75","$20.13","$22.18","$34.98","$48.65","7.9%","36.1%","33.8%","15.2%","6.9%","$16.62","$20.64","$23.34","$36.90","$50.64","32.6%","32.2%","22.4%","9.1%","3.7%","$13.52","$19.41","$21.89","$33.38","$42.97","4.4%","23.9%","32.7%","25.6%","13.4%","$12.74","$17.26","$19.49","$30.73","$39.11","7.0%","28.8%","36.7%","18.2%","9.3%","$13.17","$17.13","$19.61","$28.80","$40.63","22.0%","29.8%","29.7%","13.1%","5.4%"
"2011","$15.62","$21.57","$23.91","$38.05","$49.66","9.4%","27.9%","29.8%","21.5%","11.4%","$16.87","$23.82","$26.46","$43.23","$56.53","11.1%","29.9%","27.7%","20.4%","10.9%","$13.65","$18.80","$21.55","$33.02","$42.99","7.6%","25.8%","32.0%","22.6%","12.0%","$15.85","$22.85","$24.88","$39.08","$50.42","5.3%","26.9%","30.8%","24.2%","12.8%","$14.65","$18.62","$20.72","$33.26","$41.86","8.2%","32.7%","34.6%","16.5%","8.0%","$15.62","$19.37","$22.11","$32.79","$45.93","29.2%","31.8%","24.8%","10.1%","4.1%","$17.65","$25.50","$27.73","$44.68","$57.62","5.9%","29.0%","29.2%","23.6%","12.3%","$15.31","$19.91","$22.25","$35.31","$45.43","9.1%","37.0%","32.0%","15.1%","6.8%","$16.57","$20.77","$23.81","$36.10","$50.91","33.7%","32.4%","21.8%","8.7%","3.3%","$13.48","$19.58","$22.19","$33.50","$43.43","4.7%","24.7%","32.5%","24.8%","13.3%","$13.99","$17.29","$19.63","$31.83","$39.68","7.4%","29.2%","36.7%","17.7%","9.0%","$13.63","$17.29","$20.30","$29.43","$41.33","22.9%","30.9%","29.0%","12.1%","5.1%"
"2010","$15.71","$22.00","$24.61","$39.08","$50.97","9.5%","28.2%","29.6%","21.5%","11.1%","$17.05","$24.31","$27.40","$44.61","$58.35","11.3%","29.9%","27.3%","20.6%","10.9%","$13.66","$19.25","$22.09","$33.77","$43.58","7.7%","26.4%","31.9%","22.5%","11.4%","$15.88","$23.09","$25.55","$40.34","$51.79","5.4%","27.5%","30.5%","24.0%","12.5%","$15.04","$19.27","$21.80","$33.04","$41.05","8.7%","32.6%","34.5%","16.5%","7.7%","$15.67","$20.12","$22.49","$34.30","$49.39","30.0%","31.1%","23.9%","10.9%","4.0%","$17.76","$25.84","$28.68","$46.33","$59.83","6.0%","29.3%","28.7%","23.6%","12.3%","$15.86","$20.48","$23.62","$34.75","$43.52","9.6%","36.0%","32.6%","14.9%","6.8%","$16.73","$21.79","$24.47","$39.15","$54.97","34.7%","32.1%","20.4%","9.2%","3.6%","$13.43","$19.87","$22.69","$34.37","$43.82","4.8%","25.7%","32.4%","24.4%","12.8%","$14.24","$18.10","$20.48","$31.89","$39.41","8.0%","30.0%","35.9%","17.8%","8.3%","$13.47","$17.60","$20.52","$29.65","$43.10","23.5%","29.7%","28.9%","13.4%","4.5%"
"2009","$16.09","$22.37","$24.87","$38.94","$51.28","10.0%","28.3%","29.7%","21.2%","10.8%","$17.66","$24.79","$27.93","$44.94","$58.83","11.7%","30.0%","27.4%","20.2%","10.7%","$13.72","$19.53","$22.15","$33.25","$43.64","8.1%","26.6%","32.0%","22.2%","11.0%","$16.30","$23.50","$25.82","$40.09","$51.99","5.8%","27.7%","30.8%","23.6%","12.1%","$14.69","$19.51","$21.74","$32.81","$43.17","8.9%","33.2%","34.5%","16.1%","7.3%","$16.18","$20.35","$22.90","$35.12","$48.43","31.1%","31.3%","23.4%","10.4%","3.8%","$18.45","$26.39","$29.21","$46.73","$60.18","6.5%","29.4%","29.0%","23.1%","12.0%","$15.66","$21.04","$23.17","$35.48","$46.26","9.5%","37.0%","31.8%","15.1%","6.6%","$17.35","$21.78","$25.37","$39.61","$52.89","35.6%","32.2%","19.8%","8.8%","3.6%","$13.49","$20.16","$22.74","$33.60","$43.80","5.1%","26.0%","32.6%","24.1%","12.3%","$13.81","$18.02","$20.76","$30.90","$41.11","8.5%","30.2%","36.7%","16.8%","7.8%","$13.82","$18.20","$20.50","$30.74","$43.16","24.7%","30.0%","28.5%","12.6%","4.2%"
"2008","$15.75","$21.85","$24.56","$38.67","$49.64","10.5%","28.8%","29.4%","20.8%","10.4%","$17.29","$24.32","$27.48","$44.21","$56.44","12.4%","30.4%","27.1%","19.9%","10.2%","$13.36","$18.89","$21.91","$33.24","$42.70","8.5%","27.1%","32.0%","21.7%","10.7%","$15.93","$22.99","$25.45","$39.77","$50.27","6.3%","28.2%","30.6%","23.1%","11.7%","$14.29","$18.85","$21.51","$32.71","$41.99","10.1%","34.2%","33.0%","15.9%","6.8%","$15.99","$19.98","$22.81","$34.06","$44.99","31.6%","31.2%","23.5%","9.9%","3.8%","$17.98","$25.87","$28.73","$45.95","$57.41","7.1%","29.9%","28.8%","22.8%","11.5%","$15.33","$20.28","$23.03","$33.88","$44.76","10.6%","37.5%","30.7%","14.9%","6.4%","$17.10","$21.64","$24.86","$38.22","$50.47","36.5%","31.9%","20.0%","8.3%","3.4%","$13.14","$19.57","$22.42","$33.50","$43.14","5.5%","26.4%","32.6%","23.5%","12.0%","$13.34","$17.43","$20.41","$31.85","$39.93","9.7%","31.4%","35.0%","16.7%","7.1%","$13.60","$17.43","$20.73","$29.95","$38.98","24.5%","30.2%","28.6%","12.2%","4.5%"
"2007","$15.86","$21.97","$24.90","$38.87","$49.40","11.4%","29.4%","28.9%","20.3%","10.0%","$17.33","$24.43","$27.84","$44.43","$55.97","13.4%","30.7%","26.6%","19.4%","9.9%","$13.53","$19.06","$22.19","$33.37","$42.48","9.2%","28.1%","31.3%","21.3%","10.2%","$16.03","$23.07","$25.79","$40.02","$50.23","6.9%","29.0%","30.3%","22.5%","11.3%","$14.86","$19.07","$22.10","$32.31","$41.83","10.5%","35.1%","32.1%","15.7%","6.6%","$15.98","$20.05","$22.90","$34.51","$46.72","34.4%","30.7%","21.7%","9.8%","3.5%","$17.83","$25.93","$29.08","$46.21","$57.61","7.7%","30.6%","28.5%","22.0%","11.3%","$16.09","$20.22","$23.59","$33.90","$43.72","11.4%","37.3%","30.4%","15.0%","6.0%","$17.17","$21.70","$24.98","$37.74","$51.38","39.8%","30.6%","18.2%","8.4%","3.0%","$13.62","$19.68","$22.70","$33.76","$42.51","6.1%","27.3%","32.2%","23.1%","11.4%","$13.66","$17.98","$20.96","$31.08","$40.47","9.8%","33.2%","33.6%","16.3%","7.0%","$13.33","$17.65","$20.83","$31.12","$41.90","26.4%","30.8%","26.8%","11.8%","4.2%"
"2006","$15.56","$22.10","$24.74","$38.63","$49.32","11.9%","29.6%","29.1%","19.6%","9.8%","$17.03","$24.59","$27.55","$43.83","$55.86","13.9%","30.9%","26.7%","18.7%","9.7%","$13.27","$19.13","$22.16","$33.50","$42.25","9.7%","28.2%","31.7%","20.6%","9.8%","$15.75","$23.15","$25.61","$39.71","$50.08","7.5%","29.3%","30.5%","21.7%","10.9%","$14.67","$19.34","$22.02","$33.36","$42.28","11.5%","34.4%","32.4%","15.3%","6.4%","$15.57","$20.00","$22.70","$33.00","$44.56","35.1%","30.6%","21.7%","9.1%","3.5%","$17.78","$26.06","$28.74","$45.47","$57.22","8.4%","30.8%","28.6%","21.2%","11.0%","$15.51","$20.97","$23.65","$35.33","$46.09","12.6%","37.1%","30.2%","14.4%","5.6%","$16.69","$21.52","$24.82","$35.91","$47.73","39.6%","31.0%","18.5%","7.6%","3.3%","$12.96","$19.72","$22.68","$33.87","$42.38","6.5%","27.8%","32.5%","22.3%","10.9%","$13.84","$17.77","$20.82","$31.88","$39.74","10.5%","32.1%","34.3%","16.0%","7.0%","$13.24","$17.65","$20.49","$30.07","$40.65","28.4%","29.9%","26.5%","11.3%","3.9%"
"2005","$15.62","$22.00","$24.81","$38.53","$49.17","12.0%","29.8%","29.2%","19.3%","9.7%","$17.18","$24.37","$27.67","$43.82","$55.65","14.0%","30.9%","26.8%","18.6%","9.7%","$13.20","$19.22","$22.19","$33.23","$42.18","9.8%","28.6%","31.8%","20.1%","9.7%","$15.87","$23.07","$25.69","$39.80","$49.71","7.5%","29.5%","30.6%","21.4%","10.9%","$14.51","$19.27","$21.61","$32.49","$41.98","11.4%","35.8%","31.9%","14.5%","6.3%","$15.67","$19.81","$22.79","$33.19","$44.97","36.2%","30.1%","21.7%","8.7%","3.2%","$17.90","$25.85","$28.84","$45.62","$56.59","8.4%","30.8%","28.6%","21.2%","11.0%","$15.56","$20.76","$23.03","$35.09","$45.22","12.6%","38.8%","29.7%","13.7%","5.2%","$16.84","$21.20","$24.89","$36.27","$49.24","40.9%","30.2%","18.5%","7.5%","2.9%","$13.10","$19.85","$22.75","$33.76","$42.27","6.6%","28.1%","32.7%","21.7%","10.8%","$13.47","$17.83","$20.57","$30.55","$40.02","10.5%","33.3%","33.8%","15.2%","7.2%","$13.20","$17.71","$20.60","$29.87","$39.88","29.2%","30.0%","26.6%","10.5%","3.7%"
"2004","$15.80","$22.27","$25.18","$38.41","$49.59","11.9%","30.1%","29.0%","19.4%","9.5%","$17.39","$24.79","$28.23","$43.59","$56.31","14.0%","30.8%","26.6%","18.9%","9.7%","$13.33","$19.42","$22.41","$33.07","$42.11","9.8%","29.4%","31.6%","19.8%","9.4%","$15.94","$23.30","$26.08","$39.43","$50.27","7.6%","29.8%","30.3%","21.5%","10.7%","$14.76","$19.76","$22.20","$33.57","$41.79","11.4%","36.1%","31.5%","15.2%","5.8%","$15.88","$19.92","$23.00","$33.81","$43.84","36.1%","30.0%","21.7%","8.9%","3.2%","$17.85","$26.27","$29.51","$45.20","$57.50","8.6%","30.6%","28.3%","21.5%","10.9%","$16.27","$21.30","$23.98","$36.20","$44.23","12.0%","38.9%","29.4%","14.3%","5.3%","$17.11","$21.25","$24.98","$36.39","$48.38","41.3%","29.7%","18.5%","7.8%","2.7%","$13.30","$19.97","$22.91","$33.29","$42.26","6.6%","29.0%","32.5%","21.5%","10.5%","$13.38","$18.29","$20.89","$31.62","$40.06","10.9%","33.8%","33.1%","15.9%","6.2%","$13.26","$18.00","$20.97","$31.00","$39.16","28.5%","30.4%","26.5%","10.6%","3.9%"
"2003","$15.94","$22.45","$25.25","$38.78","$48.84","12.3%","30.2%","29.0%","19.2%","9.2%","$17.53","$24.94","$28.23","$44.04","$54.80","14.3%","30.8%","26.6%","18.8%","9.5%","$13.54","$19.68","$22.55","$33.40","$42.15","10.1%","29.7%","31.5%","19.7%","9.0%","$16.17","$23.36","$26.06","$40.07","$49.80","7.9%","30.2%","30.2%","21.2%","10.4%","$15.42","$20.02","$22.59","$32.92","$40.07","12.2%","34.8%","32.5%","15.0%","5.5%","$15.85","$20.25","$22.96","$33.77","$43.14","36.8%","30.0%","21.5%","8.7%","3.1%","$18.20","$26.21","$29.44","$45.87","$56.21","8.9%","30.8%","28.1%","21.4%","10.8%","$17.28","$21.79","$24.23","$33.68","$41.06","13.0%","37.5%","31.2%","13.7%","4.7%","$16.94","$21.71","$24.87","$37.35","$47.53","41.6%","29.7%","18.2%","7.6%","3.0%","$13.41","$20.25","$22.97","$33.85","$42.64","6.9%","29.7%","32.3%","21.0%","10.1%","$13.70","$18.36","$21.35","$32.38","$39.44","11.5%","32.6%","33.7%","16.0%","6.1%","$13.62","$18.14","$21.01","$29.92","$37.49","29.7%","30.4%","26.2%","10.3%","3.4%"
"2002","$15.85","$22.33","$25.32","$38.90","$49.45","12.4%","30.6%","29.0%","18.9%","9.0%","$17.44","$24.97","$28.30","$44.23","$55.51","14.3%","31.0%","26.9%","18.5%","9.4%","$13.50","$19.41","$22.54","$33.42","$42.34","10.4%","30.2%","31.3%","19.4%","8.6%","$16.16","$23.36","$26.26","$40.17","$49.98","8.2%","30.6%","30.1%","20.9%","10.3%","$15.11","$19.58","$22.18","$33.07","$42.41","12.8%","35.0%","33.1%","14.0%","5.2%","$15.71","$19.80","$23.09","$32.86","$44.42","36.7%","30.2%","21.5%","8.6%","3.0%","$18.17","$26.39","$29.58","$45.92","$56.28","9.1%","31.0%","28.4%","20.9%","10.7%","$16.75","$21.01","$23.74","$35.37","$45.19","14.2%","37.8%","30.7%","12.7%","4.6%","$16.88","$21.58","$25.16","$35.81","$48.86","41.5%","29.5%","18.7%","7.6%","2.7%","$13.49","$20.02","$23.10","$34.01","$42.56","7.3%","30.2%","31.9%","20.9%","9.8%","$13.41","$18.18","$21.04","$31.44","$40.51","11.6%","32.6%","35.2%","15.0%","5.7%","$13.37","$17.40","$20.91","$29.64","$39.52","29.8%","31.2%","25.5%","10.0%","3.4%"
"2001","$15.54","$22.03","$25.11","$38.70","$48.26","12.8%","30.9%","29.1%","18.4%","8.8%","$16.95","$24.71","$28.32","$43.99","$53.81","14.6%","31.0%","27.0%","18.2%","9.2%","$13.47","$19.08","$22.12","$33.12","$41.70","10.8%","30.7%","31.4%","18.7%","8.4%","$15.84","$23.00","$26.03","$39.81","$48.93","8.6%","30.9%","30.2%","20.4%","10.0%","$14.64","$19.33","$21.91","$32.81","$41.43","13.0%","35.6%","32.7%","13.6%","5.2%","$15.45","$19.68","$22.82","$33.60","$41.27","37.8%","30.0%","21.3%","7.9%","3.0%","$17.64","$26.10","$29.58","$45.51","$54.69","9.4%","31.2%","28.5%","20.6%","10.4%","$15.69","$21.00","$23.81","$34.73","$45.11","14.2%","38.7%","30.0%","12.5%","4.7%","$16.46","$21.23","$24.88","$36.84","$43.89","42.8%","28.8%","18.7%","7.1%","2.6%","$13.45","$19.61","$22.62","$33.56","$42.13","7.7%","30.6%","32.0%","20.2%","9.5%","$13.61","$17.71","$20.57","$31.44","$38.86","11.9%","33.1%","35.0%","14.5%","5.6%","$13.39","$17.63","$20.58","$29.98","$38.41","30.5%","31.9%","25.0%","9.2%","3.5%"
"2000","$15.31","$21.72","$24.73","$38.05","$48.01","13.1%","31.3%","28.7%","18.2%","8.6%","$16.84","$24.52","$27.96","$43.24","$53.75","15.0%","31.3%","26.7%","17.9%","9.0%","$13.08","$18.66","$21.68","$32.57","$41.10","11.1%","31.2%","30.9%","18.5%","8.2%","$15.58","$22.62","$25.53","$39.11","$48.62","9.1%","31.4%","29.8%","20.1%","9.7%","$14.72","$19.17","$21.92","$32.37","$42.55","13.3%","36.2%","32.1%","13.1%","5.3%","$15.18","$19.32","$22.53","$32.39","$43.25","37.9%","29.8%","21.4%","8.0%","3.0%","$17.45","$25.90","$29.09","$44.79","$54.56","10.0%","31.3%","28.0%","20.4%","10.2%","$15.93","$20.87","$23.91","$33.49","$47.86","14.4%","38.5%","29.6%","12.4%","5.0%","$16.37","$20.80","$24.61","$35.16","$48.36","42.5%","29.1%","18.9%","6.8%","2.7%","$13.06","$19.09","$22.11","$32.83","$41.43","8.0%","31.4%","31.6%","19.9%","9.1%","$13.52","$17.55","$20.46","$31.51","$38.50","12.3%","34.2%","34.1%","13.7%","5.6%","$12.83","$17.26","$20.23","$29.52","$37.23","31.2%","30.7%","25.0%","9.7%","3.4%"
"1999","$15.26","$21.58","$24.39","$37.34","$48.05","13.0%","31.7%","28.8%","18.1%","8.5%","$16.87","$24.34","$27.50","$42.51","$53.80","14.6%","31.8%","26.8%","17.8%","8.9%","$12.97","$18.56","$21.45","$31.87","$41.10","11.2%","31.5%","30.9%","18.3%","8.0%","$15.63","$22.38","$25.25","$38.26","$48.83","9.5%","31.8%","29.3%","19.9%","9.5%","$14.53","$19.00","$21.45","$32.33","$41.15","13.0%","36.5%","32.8%","12.8%","5.0%","$14.93","$19.47","$21.93","$32.66","$45.75","37.2%","29.8%","22.1%","7.9%","2.9%","$17.55","$25.48","$28.65","$43.81","$54.76","10.5%","31.7%","27.7%","20.0%","10.1%","$15.95","$20.90","$23.33","$34.27","$44.79","13.4%","39.5%","30.6%","12.1%","4.4%","$16.13","$21.24","$23.91","$35.91","$52.37","41.7%","29.3%","19.3%","6.9%","2.8%","$12.97","$19.02","$21.94","$32.13","$41.51","8.3%","31.8%","31.2%","19.8%","8.9%","$13.28","$17.14","$20.06","$30.84","$38.67","12.6%","34.0%","34.7%","13.3%","5.4%","$12.70","$17.11","$19.87","$29.33","$37.54","31.1%","30.4%","26.0%","9.4%","3.1%"
"1998","$15.21","$21.28","$24.03","$36.50","$46.44","13.4%","31.9%","28.7%","17.8%","8.2%","$16.74","$24.00","$26.99","$41.37","$51.57","15.3%","31.9%","26.7%","17.5%","8.6%","$12.94","$18.31","$21.23","$31.32","$40.25","11.3%","31.9%","30.9%","18.0%","7.8%","$15.67","$22.07","$24.78","$37.44","$47.33","9.7%","32.1%","29.5%","19.6%","9.2%","$14.29","$18.66","$21.49","$31.50","$40.28","14.5%","36.6%","31.4%","12.8%","4.7%","$14.75","$19.33","$22.03","$32.14","$40.93","38.3%","28.9%","22.1%","7.8%","2.9%","$17.62","$25.12","$28.06","$42.78","$52.91","10.8%","32.1%","27.8%","19.6%","9.7%","$15.39","$20.45","$23.31","$33.45","$42.97","16.2%","38.4%","29.0%","12.3%","4.0%","$15.81","$21.06","$23.84","$35.13","$44.88","42.9%","28.0%","19.4%","7.0%","2.7%","$12.98","$18.76","$21.61","$31.61","$40.49","8.5%","32.1%","31.3%","19.5%","8.6%","$13.12","$16.96","$20.13","$29.93","$38.54","13.0%","35.0%","33.5%","13.2%","5.3%","$12.63","$16.98","$20.05","$28.76","$35.86","31.6%","30.2%","26.1%","9.1%","3.1%"
"1997","$14.68","$20.82","$23.53","$34.91","$45.60","13.3%","32.5%","28.7%","17.5%","7.9%","$16.12","$23.57","$26.44","$39.50","$50.59","15.3%","32.3%","26.9%","17.2%","8.4%","$12.55","$17.85","$20.71","$30.10","$39.46","11.2%","32.8%","30.6%","18.0%","7.4%","$15.07","$21.63","$24.31","$35.77","$46.49","9.6%","32.8%","29.4%","19.3%","8.8%","$14.13","$18.19","$20.76","$29.35","$37.58","14.8%","37.4%","31.1%","12.2%","4.5%","$14.20","$18.63","$21.27","$30.94","$40.24","38.2%","29.2%","22.3%","7.5%","2.8%","$16.91","$24.75","$27.57","$40.66","$51.77","10.8%","32.6%","28.0%","19.3%","9.4%","$15.36","$19.95","$22.30","$31.41","$40.79","16.6%","39.2%","28.8%","11.4%","3.9%","$15.10","$20.29","$23.07","$33.19","$42.72","42.7%","28.0%","19.9%","6.6%","2.8%","$12.51","$18.28","$21.11","$30.49","$39.98","8.4%","33.0%","31.0%","19.3%","8.3%","$12.78","$16.52","$19.61","$27.77","$35.38","13.2%","35.8%","33.1%","12.9%","4.9%","$12.35","$16.35","$19.17","$28.42","$36.43","31.3%","31.0%","26.1%","8.9%","2.8%"
"1996","$14.56","$20.48","$23.07","$33.93","$45.24","13.1%","32.5%","29.2%","17.3%","8.0%","$16.12","$23.07","$25.87","$38.42","$49.99","14.9%","32.4%","27.2%","16.9%","8.5%","$12.27","$17.66","$20.41","$29.20","$39.26","11.1%","32.6%","31.3%","17.6%","7.4%","$14.87","$21.28","$23.86","$34.79","$46.00","9.7%","32.7%","29.8%","18.9%","8.9%","$14.18","$17.64","$19.96","$28.69","$37.78","14.6%","36.6%","32.0%","12.1%","4.6%","$14.16","$18.17","$20.93","$29.84","$43.23","37.8%","30.0%","22.0%","7.5%","2.8%","$16.82","$24.25","$26.93","$39.56","$51.10","10.7%","32.6%","28.2%","19.0%","9.5%","$15.83","$18.92","$21.61","$30.91","$38.40","16.7%","38.9%","29.5%","10.4%","4.3%","$15.07","$19.62","$22.66","$31.50","$45.19","42.7%","28.9%","18.9%","6.7%","2.8%","$12.24","$18.07","$20.86","$29.56","$39.54","8.7%","32.8%","31.5%","18.9%","8.2%","$12.28","$16.39","$18.71","$27.17","$37.29","12.8%","34.6%","34.2%","13.5%","4.9%","$12.28","$16.21","$19.08","$27.92","$40.32","30.5%","31.6%","26.5%","8.6%","2.8%"
"1995","$14.56","$20.54","$23.01","$34.30","$45.16","13.0%","32.7%","29.6%","16.8%","7.9%","$16.07","$23.17","$25.87","$38.69","$50.03","14.7%","32.4%","27.5%","16.8%","8.5%","$12.36","$17.69","$20.29","$29.45","$38.84","11.1%","33.0%","31.9%","16.8%","7.2%","$15.03","$21.25","$23.59","$34.99","$45.64","9.7%","32.8%","30.1%","18.4%","8.9%","$14.26","$17.83","$20.52","$30.07","$40.18","14.4%","37.1%","32.1%","12.1%","4.4%","$13.80","$18.49","$21.32","$29.64","$43.86","38.1%","29.2%","23.0%","7.0%","2.6%","$16.89","$24.22","$26.74","$39.71","$50.85","10.7%","32.5%","28.3%","18.9%","9.7%","$15.80","$19.40","$21.98","$31.13","$40.98","15.8%","39.6%","29.3%","11.3%","4.0%","$14.75","$19.93","$23.29","$31.38","$47.82","42.8%","27.7%","20.9%","6.0%","2.7%","$12.50","$18.07","$20.56","$29.58","$38.75","8.6%","33.2%","32.1%","18.0%","8.1%","$12.60","$16.21","$19.40","$29.22","$39.56","13.2%","34.9%","34.5%","12.7%","4.7%","$11.85","$16.61","$18.97","$27.83","$37.80","31.2%","31.4%","26.2%","8.6%","2.6%"
"1994","$14.96","$20.75","$23.24","$34.16","$45.37","13.0%","33.3%","29.2%","16.8%","7.7%","$16.40","$23.37","$25.98","$38.51","$49.70","14.9%","32.8%","27.2%","16.8%","8.3%","$12.80","$17.95","$20.63","$29.32","$39.80","11.0%","33.9%","31.4%","16.7%","7.1%","$15.37","$21.37","$23.81","$34.87","$45.84","9.8%","33.7%","29.7%","18.2%","8.6%","$14.90","$18.21","$20.89","$29.65","$39.45","15.1%","36.9%","31.4%","12.4%","4.2%","$14.13","$19.21","$21.43","$30.79","$44.14","37.9%","29.3%","23.0%","7.0%","2.7%","$17.26","$24.30","$26.85","$39.50","$50.44","10.9%","33.1%","28.0%","18.7%","9.3%","$16.53","$19.96","$22.38","$31.41","$40.18","17.1%","38.6%","28.8%","11.7%","3.8%","$14.87","$20.70","$23.00","$33.27","$48.24","42.8%","28.1%","20.2%","6.3%","2.6%","$12.73","$18.28","$20.88","$29.52","$39.87","8.5%","34.3%","31.6%","17.7%","7.9%","$13.00","$16.48","$19.73","$28.20","$38.87","13.3%","35.4%","33.9%","13.0%","4.4%","$12.60","$17.19","$19.69","$27.87","$38.58","30.7%","31.1%","27.2%","8.1%","2.9%"
"1993","$15.24","$20.51","$23.25","$33.57","$43.27","13.4%","34.4%","28.2%","16.3%","7.7%","$16.80","$23.15","$25.94","$37.97","$48.10","15.4%","33.7%","26.3%","16.3%","8.2%","$12.90","$17.73","$20.69","$28.79","$37.04","11.3%","35.1%","30.2%","16.4%","7.0%","$15.74","$21.15","$23.83","$34.17","$43.96","10.2%","34.8%","28.8%","17.8%","8.4%","$14.91","$17.91","$20.58","$30.00","$37.47","15.7%","39.1%","29.3%","11.5%","4.4%","$14.35","$18.79","$21.71","$29.73","$39.58","38.3%","29.2%","22.7%","6.9%","2.9%","$17.74","$24.15","$26.78","$38.89","$49.22","11.5%","34.1%","27.2%","18.1%","9.2%","$16.26","$19.30","$21.98","$31.60","$37.76","17.9%","40.5%","26.4%","11.0%","4.2%","$15.25","$20.17","$23.49","$32.39","$40.88","43.1%","27.7%","20.4%","6.1%","2.6%","$12.96","$18.03","$20.98","$28.90","$37.08","8.9%","35.5%","30.5%","17.5%","7.6%","$13.29","$16.54","$19.52","$28.65","$37.24","13.7%","37.7%","31.9%","12.0%","4.7%","$12.47","$16.96","$19.61","$26.70","$38.09","31.0%","31.5%","26.0%","8.1%","3.4%"
"1992","$15.52","$20.51","$23.24","$33.58","$42.74","14.0%","35.0%","27.5%","15.9%","7.5%","$17.15","$23.30","$26.04","$37.98","$47.59","16.0%","34.1%","25.8%","16.0%","8.2%","$13.09","$17.63","$20.53","$28.72","$36.35","11.8%","36.1%","29.4%","15.9%","6.8%","$15.98","$21.18","$23.76","$34.17","$43.42","10.6%","35.4%","28.3%","17.4%","8.3%","$15.20","$17.83","$20.84","$29.38","$36.55","17.6%","39.2%","28.2%","10.6%","4.4%","$14.65","$18.56","$21.80","$30.32","$38.04","38.7%","30.3%","21.2%","6.9%","2.9%","$18.09","$24.29","$26.94","$38.92","$48.63","11.9%","34.6%","26.6%","17.8%","9.1%","$16.40","$19.36","$22.05","$30.90","$37.76","20.0%","39.3%","26.9%","9.8%","4.0%","$15.56","$20.16","$23.61","$32.56","$39.55","43.9%","28.5%","18.9%","6.0%","2.7%","$13.02","$17.95","$20.69","$28.74","$36.46","9.2%","36.3%","30.1%","17.0%","7.4%","$13.79","$16.43","$19.82","$28.19","$35.60","15.5%","39.1%","29.3%","11.4%","4.7%","$12.71","$16.48","$19.72","$27.83","$36.14","30.9%","33.1%","24.6%","8.2%","3.2%"
"1991","$15.65","$20.63","$23.48","$33.27","$42.50","14.8%","35.5%","26.2%","16.0%","7.5%","$17.39","$23.48","$26.58","$37.96","$47.37","17.0%","34.1%","24.6%","16.0%","8.3%","$13.02","$17.72","$20.44","$28.11","$35.61","12.5%","37.0%","27.8%","16.1%","6.5%","$16.24","$21.30","$23.98","$33.91","$43.06","11.5%","35.8%","27.1%","17.4%","8.3%","$14.76","$17.98","$21.30","$29.11","$35.55","18.0%","40.7%","26.4%","11.0%","3.9%","$14.74","$18.59","$21.92","$29.18","$37.97","40.8%","29.9%","19.5%","7.0%","2.7%","$18.47","$24.55","$27.36","$39.02","$48.20","12.9%","34.4%","25.7%","17.6%","9.4%","$16.10","$19.46","$23.25","$30.46","$37.51","20.3%","41.6%","24.3%","10.3%","3.5%","$15.70","$20.01","$24.08","$31.39","$40.29","45.9%","27.6%","17.7%","6.3%","2.5%","$13.08","$18.00","$20.62","$28.13","$35.60","10.0%","37.3%","28.5%","17.1%","7.1%","$13.16","$16.54","$19.74","$27.99","$34.01","15.8%","39.9%","28.4%","11.7%","4.2%","$12.72","$16.82","$19.33","$26.52","$35.24","33.1%","33.4%","22.4%","8.0%","3.2%"
"1990","$15.71","$20.61","$23.58","$33.63","$41.70","15.6%","35.8%","25.6%","15.6%","7.4%","$17.64","$23.69","$26.88","$38.39","$46.56","17.8%","34.3%","23.9%","15.6%","8.3%","$12.77","$17.42","$20.34","$28.26","$34.60","13.2%","37.4%","27.5%","15.6%","6.4%","$16.20","$21.25","$24.11","$34.34","$42.21","12.2%","36.2%","26.4%","17.0%","8.2%","$14.83","$18.00","$21.11","$28.07","$35.90","19.4%","40.6%","25.5%","10.4%","4.1%","$15.03","$18.72","$21.80","$31.29","$37.41","41.6%","30.0%","19.3%","6.5%","2.5%","$18.54","$24.71","$27.69","$39.48","$47.33","13.6%","34.7%","25.0%","17.2%","9.4%","$16.50","$19.74","$23.15","$29.79","$37.66","22.4%","41.5%","22.5%","9.8%","3.9%","$16.21","$20.34","$24.00","$33.90","$40.66","46.2%","28.0%","17.5%","6.1%","2.2%","$12.83","$17.69","$20.53","$28.39","$34.55","10.6%","37.8%","28.0%","16.7%","7.0%","$12.73","$16.31","$19.60","$26.63","$34.42","16.6%","39.8%","28.4%","10.9%","4.3%","$12.60","$16.63","$19.14","$27.81","$33.76","34.6%","33.2%","22.2%","7.0%","3.0%"
"1989","$16.14","$20.96","$23.61","$33.30","$41.56","16.1%","36.1%","25.1%","15.3%","7.5%","$18.41","$24.34","$26.92","$38.21","$45.96","18.1%","34.4%","23.7%","15.4%","8.4%","$12.79","$17.51","$20.32","$27.64","$35.02","13.8%","38.0%","26.8%","15.1%","6.4%","$16.63","$21.54","$24.11","$34.00","$42.07","13.0%","36.7%","25.7%","16.4%","8.2%","$15.01","$18.33","$21.18","$28.34","$36.17","20.8%","39.4%","25.5%","10.2%","4.1%","$15.54","$19.07","$22.02","$29.94","$39.43","41.6%","29.7%","19.3%","6.7%","2.7%","$19.29","$25.27","$27.78","$39.26","$46.67","14.4%","34.9%","24.4%","16.9%","9.4%","$16.89","$20.30","$22.85","$29.84","$36.52","23.7%","40.0%","23.4%","9.4%","3.6%","$16.92","$21.14","$23.76","$32.90","$43.21","47.0%","26.8%","17.3%","6.2%","2.6%","$12.84","$17.76","$20.41","$27.71","$34.96","11.4%","38.7%","27.2%","15.9%","6.9%","$12.67","$16.38","$19.84","$27.12","$35.90","18.1%","38.8%","27.6%","11.1%","4.5%","$12.67","$16.65","$20.02","$26.22","$34.33","33.6%","33.9%","22.3%","7.3%","2.9%"
"1988","$16.47","$21.57","$24.03","$34.86","$42.92","16.4%","36.4%","24.7%","15.2%","7.2%","$18.80","$25.23","$27.87","$41.06","$48.37","18.5%","34.6%","23.1%","15.5%","8.3%","$13.00","$17.83","$20.23","$27.52","$34.41","14.1%","38.5%","26.5%","14.9%","6.0%","$17.03","$22.15","$24.50","$35.63","$43.37","13.4%","37.0%","25.3%","16.3%","7.9%","$15.38","$18.95","$21.97","$29.83","$39.54","21.8%","39.6%","24.5%","10.1%","4.0%","$15.49","$19.37","$22.15","$30.68","$39.67","41.0%","29.9%","18.9%","7.3%","2.8%","$19.77","$26.20","$28.71","$42.03","$48.98","15.0%","35.0%","23.8%","17.0%","9.2%","$17.35","$21.11","$24.85","$33.48","$41.88","24.8%","39.6%","23.1%","8.6%","3.9%","$16.89","$21.63","$23.93","$34.34","$44.22","45.4%","28.4%","16.3%","7.1%","2.8%","$13.07","$18.06","$20.30","$27.70","$34.36","11.7%","39.3%","27.0%","15.6%","6.5%","$12.86","$16.87","$19.48","$27.17","$37.36","18.8%","39.7%","25.9%","11.5%","4.1%","$12.80","$16.46","$20.28","$25.66","$33.03","34.6%","32.2%","22.8%","7.6%","2.8%"
"1987","$16.45","$21.51","$24.20","$34.66","$42.35","16.7%","36.8%","24.6%","15.1%","6.8%","$18.85","$25.23","$28.21","$40.80","$47.59","18.7%","34.7%","23.3%","15.5%","7.8%","$12.90","$17.73","$20.11","$27.27","$34.13","14.4%","39.1%","26.1%","14.7%","5.7%","$16.88","$22.08","$24.74","$35.42","$42.71","13.8%","37.5%","25.1%","16.2%","7.4%","$15.58","$18.84","$21.58","$28.95","$37.51","22.4%","39.2%","24.6%","10.0%","3.8%","$15.73","$19.52","$22.04","$30.97","$38.89","40.0%","30.1%","19.9%","7.2%","2.8%","$19.70","$26.16","$29.14","$41.82","$48.06","15.3%","35.3%","24.0%","16.8%","8.6%","$17.51","$21.07","$23.93","$32.07","$40.71","25.4%","38.9%","23.0%","9.3%","3.5%","$17.12","$21.73","$23.94","$35.11","$42.19","44.7%","28.0%","18.0%","6.5%","2.9%","$12.86","$17.96","$20.19","$27.42","$34.02","12.2%","40.0%","26.4%","15.4%","6.0%","$13.15","$16.74","$19.59","$26.33","$34.93","19.5%","39.6%","26.1%","10.6%","4.1%","$12.85","$16.68","$19.76","$26.11","$33.76","32.8%","33.2%","22.8%","8.4%","2.8%"
"1986","$16.80","$21.51","$24.13","$34.09","$41.62","16.9%","37.1%","24.4%","14.9%","6.7%","$19.25","$25.30","$28.22","$40.21","$46.67","18.8%","34.9%","23.2%","15.4%","7.7%","$13.14","$17.67","$19.87","$26.56","$33.43","14.5%","39.8%","25.8%","14.4%","5.5%","$17.29","$22.04","$24.59","$34.78","$41.99","14.1%","37.7%","25.0%","16.0%","7.3%","$15.87","$18.83","$21.43","$28.14","$36.96","23.2%","39.6%","23.8%","10.0%","3.4%","$15.90","$19.69","$22.48","$30.92","$37.71","39.8%","31.3%","18.8%","7.1%","2.9%","$20.09","$26.23","$29.00","$41.14","$47.12","15.6%","35.2%","24.0%","16.7%","8.5%","$17.90","$20.94","$23.95","$31.11","$40.05","26.1%","39.4%","22.3%","9.2%","3.1%","$17.44","$21.73","$24.97","$34.80","$43.00","44.4%","29.1%","17.0%","6.6%","2.9%","$13.19","$17.84","$19.94","$26.64","$33.39","12.3%","40.5%","26.2%","15.1%","5.8%","$13.33","$16.80","$19.29","$25.68","$34.48","20.3%","39.9%","25.3%","10.7%","3.7%","$12.72","$17.06","$19.49","$26.00","$30.17","32.7%","34.7%","21.6%","8.0%","3.1%"
"1985","$16.78","$21.28","$23.57","$32.86","$39.96","17.5%","37.1%","24.1%","14.7%","6.6%","$19.26","$25.18","$27.38","$38.59","$44.59","19.5%","34.7%","23.1%","15.0%","7.7%","$13.03","$17.31","$19.50","$25.76","$32.23","15.2%","39.9%","25.3%","14.2%","5.4%","$17.32","$21.80","$24.05","$33.38","$40.42","14.6%","37.8%","24.7%","15.7%","7.2%","$15.47","$18.47","$20.87","$28.69","$35.69","24.7%","38.9%","23.5%","9.3%","3.7%","$15.90","$19.65","$22.19","$29.59","$36.53","41.9%","29.8%","18.7%","6.7%","2.8%","$20.20","$26.05","$28.14","$39.32","$45.20","16.1%","35.3%","23.8%","16.4%","8.4%","$17.41","$20.51","$22.98","$32.06","$39.04","28.2%","38.3%","21.9%","7.9%","3.6%","$17.35","$22.09","$24.69","$33.05","$40.75","46.5%","27.6%","16.9%","6.3%","2.7%","$13.04","$17.47","$19.58","$25.67","$32.16","12.8%","40.8%","25.7%","14.9%","5.7%","$12.98","$16.55","$19.09","$26.23","$32.63","21.3%","39.5%","24.9%","10.5%","3.8%","$12.93","$16.57","$19.17","$25.16","$30.66","34.7%","33.3%","21.5%","7.5%","3.0%"
"1984","$16.90","$21.17","$23.32","$32.39","$39.04","17.8%","37.4%","23.9%","14.4%","6.6%","$19.46","$25.09","$27.07","$38.19","$43.06","19.7%","34.8%","23.0%","14.7%","7.8%","$13.08","$17.15","$19.22","$25.13","$31.85","15.6%","40.3%","25.0%","14.0%","5.1%","$17.41","$21.62","$23.71","$33.01","$39.27","15.2%","38.0%","24.3%","15.4%","7.1%","$15.62","$18.47","$21.20","$27.62","$35.26","25.6%","38.4%","23.1%","9.1%","3.8%","$15.96","$19.82","$21.86","$27.54","$36.23","41.7%","30.3%","19.5%","5.9%","2.6%","$20.23","$25.82","$27.62","$38.97","$43.41","16.8%","35.3%","23.5%","16.0%","8.4%","$17.76","$20.72","$23.97","$31.66","$37.29","28.8%","38.0%","21.6%","7.8%","3.9%","$17.70","$22.33","$24.72","$31.03","$38.84","45.8%","27.9%","18.0%","5.7%","2.7%","$13.14","$17.29","$19.34","$25.15","$31.60","13.3%","41.3%","25.3%","14.6%","5.5%","$12.92","$16.31","$18.80","$24.66","$33.16","22.5%","38.8%","24.6%","10.4%","3.7%","$12.91","$16.94","$18.54","$23.17","$32.13","36.1%","33.7%","21.5%","6.3%","2.4%"
"1983","$17.13","$21.30","$23.23","$32.03","$38.34","18.5%","37.2%","23.6%","14.3%","6.5%","$19.70","$25.37","$27.15","$37.75","$42.25","20.5%","34.3%","22.6%","14.7%","7.9%","$13.26","$17.22","$19.00","$24.76","$30.91","16.1%","40.5%","24.8%","13.7%","4.9%","$17.63","$21.69","$23.60","$32.54","$38.46","15.8%","37.9%","24.1%","15.3%","7.0%","$16.04","$18.97","$20.96","$27.27","$35.17","27.8%","37.6%","22.4%","8.6%","3.7%","$15.95","$19.90","$22.34","$29.01","$34.14","42.4%","30.5%","18.7%","6.1%","2.3%","$20.52","$26.06","$27.71","$38.39","$42.29","17.4%","34.8%","23.2%","16.1%","8.6%","$18.03","$21.42","$23.92","$30.65","$38.53","31.5%","37.0%","20.5%","7.3%","3.6%","$17.63","$22.56","$24.48","$33.10","$37.92","46.4%","28.2%","17.4%","5.6%","2.4%","$13.27","$17.33","$19.07","$24.71","$30.86","13.7%","41.6%","25.1%","14.3%","5.2%","$13.47","$16.62","$18.47","$24.74","$31.94","24.1%","38.2%","24.2%","9.8%","3.7%","$12.88","$16.70","$19.74","$24.16","$27.43","36.7%","33.9%","20.6%","6.8%","2.0%"
"1982","$17.44","$21.53","$23.38","$31.85","$37.62","19.6%","37.4%","23.1%","13.7%","6.2%","$20.16","$25.69","$27.33","$37.32","$41.64","21.5%","34.4%","22.2%","14.4%","7.5%","$13.37","$17.34","$19.04","$24.57","$30.03","17.2%","40.9%","24.2%","12.9%","4.7%","$17.96","$21.91","$23.80","$32.44","$37.74","16.7%","38.3%","23.6%","14.6%","6.7%","$16.09","$18.95","$20.76","$26.92","$33.77","29.4%","37.2%","21.7%","8.4%","3.4%","$16.34","$20.26","$21.87","$28.34","$34.84","44.6%","29.2%","17.8%","6.3%","2.1%","$21.00","$26.36","$27.97","$38.05","$41.83","18.4%","35.1%","22.8%","15.6%","8.1%","$18.31","$21.43","$23.18","$30.10","$35.77","32.7%","36.4%","20.4%","7.3%","3.2%","$18.01","$22.86","$24.69","$31.21","$36.38","48.9%","26.6%","16.4%","5.7%","2.4%","$13.39","$17.42","$19.12","$24.55","$29.77","14.8%","42.1%","24.6%","13.4%","5.0%","$13.35","$16.63","$18.64","$24.54","$31.95","26.1%","38.0%","22.9%","9.5%","3.5%","$13.21","$17.18","$18.43","$25.00","$31.49","38.3%","33.1%","19.8%","7.2%","1.6%"
"1981","$17.80","$21.55","$23.42","$31.45","$36.82","21.1%","37.4%","22.6%","13.0%","5.9%","$20.48","$25.89","$27.35","$36.91","$40.36","23.2%","34.1%","21.9%","13.7%","7.1%","$13.68","$17.16","$18.90","$23.91","$29.72","18.6%","41.4%","23.4%","12.2%","4.4%","$18.34","$21.92","$23.76","$32.01","$36.92","18.2%","38.3%","23.1%","14.0%","6.4%","$16.48","$19.13","$21.43","$26.67","$34.31","31.0%","37.1%","20.7%","8.1%","3.1%","$16.47","$20.24","$22.31","$27.35","$37.12","46.9%","28.3%","17.3%","5.4%","2.0%","$21.33","$26.51","$27.88","$37.61","$40.59","19.9%","34.9%","22.5%","14.9%","7.8%","$18.84","$21.92","$24.14","$29.12","$36.42","34.7%","35.6%","19.8%","6.9%","3.0%","$17.93","$23.31","$25.49","$31.17","$38.90","51.6%","24.7%","16.1%","5.2%","2.4%","$13.75","$17.25","$18.93","$23.84","$29.30","16.1%","42.6%","23.9%","12.7%","4.6%","$13.43","$16.53","$18.91","$24.83","$32.37","27.2%","38.7%","21.6%","9.3%","3.2%","$13.57","$16.82","$18.23","$22.19","$32.53","39.6%","33.9%","19.2%","5.8%","1.4%"
"1980","$18.15","$21.79","$23.70","$31.31","$37.04","22.2%","37.1%","22.2%","12.9%","5.7%","$20.94","$26.25","$27.76","$36.65","$40.66","24.4%","33.7%","21.6%","13.4%","6.9%","$13.79","$17.25","$18.88","$23.94","$29.68","19.4%","41.4%","22.8%","12.2%","4.2%","$18.70","$22.17","$24.07","$31.73","$37.12","19.3%","38.0%","22.8%","13.8%","6.1%","$16.44","$19.33","$21.65","$27.35","$36.59","33.2%","36.5%","19.6%","7.7%","3.0%","$17.10","$20.25","$21.83","$28.64","$34.41","47.6%","28.0%","16.5%","5.5%","2.4%","$21.78","$26.91","$28.35","$37.13","$40.73","21.1%","34.4%","22.4%","14.7%","7.5%","$18.62","$22.11","$24.39","$30.53","$40.60","37.4%","34.5%","18.8%","6.4%","2.9%","$18.90","$23.23","$24.27","$32.66","$37.45","52.5%","24.5%","15.5%","5.0%","2.4%","$13.86","$17.33","$18.89","$23.83","$29.32","17.0%","42.5%","23.4%","12.7%","4.4%","$13.54","$16.77","$19.06","$25.01","$32.92","28.8%","38.5%","20.5%","9.0%","3.2%","$13.42","$16.85","$18.62","$23.56","$29.42","40.0%","33.3%","18.2%","6.2%","2.3%"
"1979","$18.71","$22.54","$24.18","$31.87","$37.73","23.4%","37.0%","21.8%","12.4%","5.4%","$21.62","$27.15","$28.34","$37.24","$41.20","25.4%","33.7%","21.4%","12.9%","6.6%","$14.11","$17.66","$19.03","$24.25","$30.05","20.8%","41.3%","22.3%","11.7%","3.9%","$19.27","$22.93","$24.56","$32.30","$38.03","20.5%","38.0%","22.4%","13.3%","5.8%","$17.10","$19.95","$22.04","$27.91","$34.18","35.0%","35.1%","19.3%","7.3%","3.2%","$17.53","$20.81","$22.33","$27.80","$35.93","48.3%","28.5%","16.1%","4.8%","2.2%","$22.45","$27.78","$28.91","$37.70","$41.49","22.2%","34.5%","22.1%","14.0%","7.2%","$19.39","$22.98","$25.06","$31.80","$37.95","39.5%","33.5%","17.7%","6.2%","3.0%","$19.48","$24.09","$24.72","$31.75","$37.45","52.0%","25.2%","15.8%","4.4%","2.6%","$14.21","$17.77","$18.99","$24.22","$29.86","18.4%","42.7%","22.7%","12.3%","4.0%","$13.90","$16.99","$19.32","$24.85","$30.59","30.3%","36.8%","21.0%","8.4%","3.4%","$13.76","$16.96","$18.79","$22.87","$32.18","42.3%","33.7%","16.7%","5.6%","1.6%"
"1978","$18.02","$22.43","$24.23","$32.21","$39.16","25.6%","36.1%","20.8%","12.2%","5.4%","$20.95","$27.07","$28.29","$37.45","$42.63","27.2%","32.7%","20.8%","12.7%","6.6%","$13.58","$17.55","$18.94","$24.66","$31.28","23.4%","40.5%","20.8%","11.5%","3.8%","$18.64","$22.75","$24.59","$32.57","$39.09","22.6%","37.0%","21.5%","13.1%","5.8%","$15.84","$20.63","$21.26","$28.97","$38.19","39.1%","34.5%","16.8%","6.9%","2.6%","$17.00","$19.92","$23.01","$26.89","$38.95","49.9%","27.2%","17.1%","4.2%","1.6%","$21.81","$27.67","$28.80","$37.96","$42.68","24.2%","33.3%","21.6%","13.8%","7.2%","$18.09","$23.69","$23.70","$31.73","$41.38","41.8%","33.4%","16.0%","6.4%","2.4%","$18.83","$22.72","$26.24","$30.49","$43.23","52.9%","24.9%","16.6%","3.9%","1.7%","$13.65","$17.56","$18.92","$24.49","$30.59","20.4%","41.9%","21.4%","12.2%","4.0%","$13.21","$17.72","$19.01","$26.55","$35.53","36.4%","35.7%","17.6%","7.4%","2.9%","$13.63","$16.39","$18.30","$22.17","$30.20","45.2%","31.0%","17.9%","4.7%","1.3%"
"1977","$18.38","$22.49","$24.02","$32.43","$38.99","25.9%","36.4%","20.2%","12.1%","5.4%","$21.37","$27.18","$28.00","$37.69","$42.34","27.8%","32.9%","20.3%","12.5%","6.5%","$13.66","$17.49","$18.66","$24.92","$31.62","23.4%","41.0%","20.1%","11.6%","3.9%","$18.89","$22.84","$24.34","$32.79","$39.07","23.0%","37.4%","20.8%","13.0%","5.7%","$16.43","$19.75","$21.83","$28.44","$37.52","39.9%","34.3%","16.3%","6.4%","3.0%","$17.29","$21.26","$22.09","$31.19","$33.86","50.8%","25.0%","17.1%","5.3%","1.9%","$22.09","$27.74","$28.48","$38.14","$42.77","24.7%","33.8%","21.0%","13.5%","7.0%","$18.75","$22.73","$24.36","$30.49","$35.96","44.5%","31.9%","15.9%","5.3%","2.5%","$19.50","$23.94","$24.76","$35.83","$34.28","53.3%","22.1%","17.0%","5.6%","2.1%","$13.74","$17.53","$18.62","$24.80","$30.38","20.8%","42.3%","20.6%","12.2%","4.0%","$13.39","$17.06","$19.33","$26.97","$38.63","35.3%","36.7%","16.7%","7.7%","3.6%","$13.23","$18.04","$17.83","$22.38","$32.92","46.7%","29.8%","17.2%","4.8%","1.5%"
"1976","$18.24","$22.66","$24.46","$32.76","$39.05","27.1%","36.2%","20.0%","11.6%","5.1%","$21.20","$27.22","$28.22","$37.92","$41.98","29.0%","32.8%","20.4%","11.7%","6.1%","$13.50","$17.72","$19.12","$25.53","$32.33","24.5%","41.0%","19.5%","11.4%","3.6%","$18.63","$23.00","$24.78","$33.06","$39.20","24.2%","37.3%","20.7%","12.4%","5.4%","$16.56","$20.17","$22.84","$28.30","$38.59","41.6%","34.4%","15.6%","6.2%","2.2%","$17.40","$21.00","$21.59","$28.02","$36.40","53.5%","24.0%","16.0%","4.8%","1.7%","$21.81","$27.67","$28.65","$38.39","$42.07","25.8%","33.7%","21.2%","12.7%","6.6%","$19.01","$23.74","$25.59","$30.26","$41.27","46.6%","31.3%","15.8%","4.4%","2.0%","$19.04","$24.09","$24.09","$31.70","$44.35","57.8%","19.7%","15.5%","5.2%","1.8%","$13.41","$17.79","$19.09","$25.26","$32.14","21.9%","42.2%","20.1%","12.1%","3.8%","$13.27","$17.08","$19.90","$27.18","$36.36","36.3%","37.7%","15.4%","8.0%","2.5%","$14.36","$18.00","$18.12","$21.13","$21.79","47.1%","30.5%","16.8%","4.2%","1.5%"
"1975","$17.98","$22.52","$24.40","$32.88","$40.06","27.9%","36.2%","19.3%","11.7%","4.9%","$20.77","$27.23","$28.26","$37.84","$42.64","29.6%","32.6%","19.7%","12.0%","6.0%","$13.46","$17.31","$18.74","$25.59","$33.48","25.5%","41.1%","18.7%","11.4%","3.3%","$18.51","$22.93","$24.77","$33.32","$40.28","25.0%","37.3%","20.1%","12.5%","5.2%","$16.06","$19.19","$22.09","$29.29","$38.56","43.8%","32.6%","14.6%","6.8%","2.3%","$16.76","$20.50","$21.70","$26.73","$26.94","51.4%","25.8%","15.4%","5.0%","2.4%","$21.53","$27.80","$28.73","$38.40","$42.79","26.5%","33.7%","20.6%","12.9%","6.3%","$18.30","$22.27","$24.95","$29.57","$42.11","48.6%","28.8%","14.8%","5.5%","2.4%","$18.46","$23.37","$24.47","$32.85","$27.95","55.1%","23.6%","14.5%","4.2%","2.7%","$13.50","$17.39","$18.77","$25.38","$33.68","22.9%","42.4%","19.4%","11.9%","3.5%","$13.07","$16.62","$18.94","$29.08","$34.39","38.8%","36.7%","14.3%","8.1%","2.2%","$13.43","$16.81","$17.87","$20.15","$24.60","45.4%","29.5%","16.9%","6.3%","1.9%"
"1974","$18.46","$22.51","$24.33","$33.09","$40.00","30.1%","36.0%","18.6%","10.7%","4.7%","$21.56","$27.24","$27.93","$38.24","$42.81","31.8%","32.4%","19.3%","10.7%","5.9%","$13.41","$17.19","$18.68","$25.77","$32.05","27.8%","41.1%","17.5%","10.7%","2.9%","$18.96","$22.91","$24.70","$33.36","$40.00","27.1%","37.1%","19.3%","11.5%","5.0%","$16.30","$19.35","$21.23","$29.86","$38.32","46.4%","32.0%","14.0%","5.8%","1.7%","$18.03","$20.38","$21.84","$29.89","$30.56","53.9%","26.4%","13.9%","4.4%","1.5%","$22.24","$27.80","$28.48","$38.61","$42.90","28.5%","33.4%","20.2%","11.6%","6.3%","$18.94","$22.84","$23.55","$30.93","$40.10","50.5%","29.7%","13.2%","4.5%","2.1%","$20.10","$23.31","$23.22","$35.16","$31.75","57.1%","22.5%","14.7%","4.0%","1.6%","$13.50","$17.32","$18.57","$25.53","$31.76","24.9%","42.5%","18.1%","11.3%","3.2%","$12.86","$16.07","$18.99","$29.14","$35.25","42.0%","34.5%","14.9%","7.3%","1.3%","$13.85","$16.97","$19.03","$22.60","$27.85","48.4%","33.1%","12.4%","5.0%","1.2%"
"1973","$18.86","$23.19","$25.16","$34.22","$39.78","31.3%","36.4%","17.6%","10.4%","4.2%","$22.10","$28.10","$28.95","$39.35","$41.77","33.3%","32.6%","18.3%","10.6%","5.3%","$13.46","$17.71","$19.21","$26.60","$34.13","28.6%","41.8%","16.7%","10.2%","2.7%","$19.47","$23.62","$25.52","$34.71","$39.72","28.3%","37.5%","18.5%","11.2%","4.5%","$16.50","$19.62","$21.82","$29.88","$43.79","46.9%","32.0%","13.3%","6.0%","1.8%","$17.36","$20.52","$23.36","$26.32","$37.89","57.4%","26.1%","10.3%","4.4%","1.8%","$22.88","$28.73","$29.45","$40.02","$41.92","30.0%","33.5%","19.2%","11.5%","5.7%","$19.45","$22.77","$24.81","$30.37","$43.94","50.7%","30.3%","12.5%","4.5%","1.9%","$19.28","$23.29","$24.57","$28.75","$44.41","61.0%","22.5%","10.7%","3.9%","1.9%","$13.65","$17.84","$19.17","$26.42","$33.18","25.7%","43.4%","17.4%","10.7%","2.8%","$12.59","$16.49","$18.90","$29.55","$43.59","42.7%","33.9%","14.2%","7.6%","1.6%","$13.47","$17.23","$21.08","$23.18","$26.16","51.3%","32.2%","9.6%","5.1%","1.8%"